City_ID,City,Country,Date,Lat,Lng,Max Temp,Humidity,Cloudiness,Wind Speed,Description
0,Jalu,LY,2020-11-08 00:38:49,29.03,21.55,60.71,83,0,10.16,clear sky
1,Nizwa,OM,2020-11-08 00:38:49,22.93,57.53,64.9,79,0,1.16,clear sky
2,Kapaa,US,2020-11-08 00:38:50,22.08,-159.32,80.6,83,90,8.05,moderate rain
3,Vaini,TO,2020-11-08 00:38:50,-21.2,-175.2,82.4,69,20,5.82,few clouds
4,Sioux Lookout,CA,2020-11-08 00:37:14,50.1,-91.92,32.0,92,90,3.36,light intensity drizzle
5,Busselton,AU,2020-11-08 00:38:50,-33.65,115.33,66.0,84,97,1.01,overcast clouds
6,Tiksi,RU,2020-11-08 00:38:50,71.69,128.87,-6.56,92,71,2.28,broken clouds
7,New Norfolk,AU,2020-11-08 00:38:50,-42.78,147.06,64.99,47,20,5.82,few clouds
8,Codrington,AU,2020-11-08 00:38:50,-38.27,141.97,60.31,66,0,8.99,clear sky
9,Vanavara,RU,2020-11-08 00:38:50,60.34,102.28,18.28,97,100,4.9,snow
10,Ushuaia,AR,2020-11-08 00:38:51,-54.8,-68.3,57.2,47,40,20.8,shower rain
11,Zaqatala,AZ,2020-11-08 00:38:51,41.63,46.64,48.2,81,40,4.7,scattered clouds
12,Marmaris,TR,2020-11-08 00:38:51,36.85,28.27,64.99,51,0,6.93,clear sky
13,Nikolskoye,RU,2020-11-08 00:38:51,59.7,30.79,46.99,87,75,8.95,light rain
14,Saint-Georges,GD,2020-11-08 00:38:51,12.06,-61.75,80.6,88,20,14.99,few clouds
15,Cuamba,MZ,2020-11-08 00:38:51,-14.8,36.54,74.37,48,0,7.72,clear sky
16,Severo-Kurilsk,RU,2020-11-08 00:38:51,50.68,156.12,36.72,76,10,4.65,clear sky
17,Mayo,US,2020-11-08 00:34:51,38.89,-76.51,55.99,87,1,3.76,clear sky
18,Hamilton,US,2020-11-08 00:37:43,39.18,-84.53,61.0,71,1,2.73,clear sky
19,Lensk,RU,2020-11-08 00:38:52,60.73,114.93,1.08,90,52,3.11,broken clouds
20,Hermanus,ZA,2020-11-08 00:38:52,-34.42,19.23,57.0,85,91,8.01,light rain
21,Rikitea,PF,2020-11-08 00:38:52,-23.12,-134.97,71.69,73,100,16.24,overcast clouds
22,Yar-Sale,RU,2020-11-08 00:38:52,66.83,70.83,25.03,99,89,1.63,overcast clouds
23,Dikson,RU,2020-11-08 00:38:52,73.51,80.55,-2.52,89,100,13.76,overcast clouds
24,Nanortalik,GL,2020-11-08 00:38:53,60.14,-45.24,29.75,95,100,9.22,overcast clouds
25,Bluff,NZ,2020-11-08 00:38:54,-46.6,168.33,54.0,52,33,10.0,scattered clouds
26,Hobart,AU,2020-11-08 00:38:46,-42.88,147.33,64.99,47,20,5.82,few clouds
27,Avera,US,2020-11-08 00:38:11,33.19,-82.53,73.4,73,90,9.17,overcast clouds
28,Mehamn,NO,2020-11-08 00:38:55,71.04,27.85,38.57,75,89,29.57,light rain
29,Yulara,AU,2020-11-08 00:38:55,-25.24,130.99,82.4,10,91,14.99,overcast clouds
30,Aklavik,CA,2020-11-08 00:34:03,68.22,-135.01,26.6,68,40,4.7,scattered clouds
31,Saskylakh,RU,2020-11-08 00:38:56,71.92,114.08,-8.99,89,7,8.08,clear sky
32,Ribeira Grande,PT,2020-11-08 00:38:56,38.52,-28.7,61.45,72,8,13.33,light rain
33,Tabou,CI,2020-11-08 00:38:56,4.42,-7.35,78.44,87,52,5.97,broken clouds
34,Fortuna,US,2020-11-08 00:38:57,40.6,-124.16,52.0,71,75,18.34,broken clouds
35,Sao Joao Da Barra,BR,2020-11-08 00:38:57,-21.64,-41.05,73.89,86,99,7.34,overcast clouds
36,Port Elizabeth,ZA,2020-11-08 00:38:57,-33.92,25.57,60.8,87,0,6.93,clear sky
37,Albany,US,2020-11-08 00:35:30,42.6,-73.97,55.99,58,25,4.16,scattered clouds
38,The Valley,AI,2020-11-08 00:37:24,18.22,-63.06,81.0,78,40,11.41,scattered clouds
39,Grand Gaube,MU,2020-11-08 00:38:57,-20.01,57.66,71.01,80,9,3.0,clear sky
40,Saint-Philippe,RE,2020-11-08 00:38:57,-21.36,55.77,69.8,77,20,6.93,few clouds
41,Machalpur,IN,2020-11-08 00:39:00,24.13,76.3,61.18,37,0,2.3,clear sky
42,Reftinskiy,RU,2020-11-08 00:39:00,57.09,61.68,37.4,94,75,8.95,broken clouds
43,Hasaki,JP,2020-11-08 00:39:00,35.73,140.83,64.4,88,75,4.7,broken clouds
44,Mataura,NZ,2020-11-08 00:39:00,-46.19,168.86,54.0,52,0,10.0,clear sky
45,Qaanaaq,GL,2020-11-08 00:39:01,77.48,-69.36,-12.6,70,0,10.47,clear sky
46,Abano Terme,IT,2020-11-08 00:39:01,45.36,11.79,51.01,90,0,0.98,clear sky
47,Clyde River,CA,2020-11-08 00:39:01,70.47,-68.59,-5.8,76,20,8.05,few clouds
48,Cape Town,ZA,2020-11-08 00:34:43,-33.93,18.42,57.99,93,75,13.87,moderate rain
49,Williams Lake,CA,2020-11-08 00:34:57,52.14,-122.14,26.6,58,40,20.8,scattered clouds
50,Bulgan,MN,2020-11-08 00:39:02,48.81,103.53,28.22,87,0,3.27,clear sky
51,Esso,RU,2020-11-08 00:39:02,55.93,158.7,18.01,89,10,1.63,clear sky
52,Pisco,PE,2020-11-08 00:39:02,-13.7,-76.22,64.4,77,20,10.29,few clouds
53,Carnarvon,AU,2020-11-08 00:39:02,-24.87,113.63,73.4,69,40,16.11,scattered clouds
54,Jamestown,US,2020-11-08 00:34:05,42.1,-79.24,60.8,41,1,5.82,clear sky
55,Ahipara,NZ,2020-11-08 00:39:02,-35.17,173.17,65.8,62,0,13.78,clear sky
56,Ardakan,IR,2020-11-08 00:39:03,32.31,54.02,53.6,13,0,2.24,clear sky
57,Luorong,CN,2020-11-08 00:39:03,24.41,109.61,67.78,56,0,12.57,clear sky
58,Lebu,CL,2020-11-08 00:39:03,-37.62,-73.65,53.31,79,0,21.97,clear sky
59,Port Alfred,ZA,2020-11-08 00:39:04,-33.59,26.89,66.0,81,0,10.25,clear sky
60,Dukat,RU,2020-11-08 00:38:41,62.55,155.55,-4.36,90,100,4.34,overcast clouds
61,Sahuaripa,MX,2020-11-08 00:39:04,29.05,-109.23,75.49,56,0,11.34,clear sky
62,Yerbogachen,RU,2020-11-08 00:39:04,61.28,108.01,5.4,94,100,5.39,overcast clouds
63,Katsuura,JP,2020-11-08 00:39:04,35.13,140.3,70.0,72,75,4.7,broken clouds
64,Kutum,SD,2020-11-08 00:39:05,14.2,24.67,62.85,36,1,6.35,clear sky
65,Thompson,CA,2020-11-08 00:39:05,55.74,-97.86,15.8,92,90,5.82,light snow
66,Punta Arenas,CL,2020-11-08 00:37:20,-53.15,-70.92,53.6,66,40,27.51,scattered clouds
67,Richards Bay,ZA,2020-11-08 00:34:07,-28.78,32.04,72.95,88,0,6.15,clear sky
68,Yaviza,PA,2020-11-08 00:39:05,8.15,-77.69,72.55,90,27,0.96,scattered clouds
69,Butaritari,KI,2020-11-08 00:39:05,3.07,172.79,81.28,72,11,10.22,few clouds
70,Fairbanks,US,2020-11-08 00:37:11,64.84,-147.72,24.01,94,100,1.57,overcast clouds
71,Jeremie,HT,2020-11-08 00:39:05,18.65,-74.12,79.12,77,100,0.76,light rain
72,Ewa Beach,US,2020-11-08 00:38:26,21.32,-158.01,87.8,55,40,6.93,scattered clouds
73,Komsomolskiy,UZ,2020-11-08 00:34:27,40.43,71.72,44.6,28,0,6.93,clear sky
74,Tura,IN,2020-11-08 00:39:05,25.52,90.22,64.62,86,0,3.58,clear sky
75,Manbij,SY,2020-11-08 00:39:05,36.53,37.95,50.0,71,0,8.05,clear sky
76,Chuy,UY,2020-11-08 00:39:05,-33.7,-53.46,59.41,94,0,5.82,clear sky
77,Guerrero Negro,MX,2020-11-08 00:39:06,27.98,-114.06,64.58,69,0,17.4,clear sky
78,Bredasdorp,ZA,2020-11-08 00:39:06,-34.53,20.04,59.0,82,12,13.87,few clouds
79,Wamba,NG,2020-11-08 00:39:06,8.93,8.6,74.12,44,0,3.96,clear sky
80,Saint-Augustin,CA,2020-11-08 00:39:06,51.23,-58.65,31.6,90,94,14.61,overcast clouds
81,Kruisfontein,ZA,2020-11-08 00:37:36,-34.0,24.73,55.99,91,0,1.01,clear sky
82,Atherton,GB,2020-11-08 00:39:06,53.52,-2.49,51.01,78,100,1.01,overcast clouds
83,Mackenzie,CA,2020-11-08 00:39:06,55.3,-123.17,30.2,54,90,4.7,overcast clouds
84,Boa Vista,BR,2020-11-08 00:36:31,2.82,-60.67,77.0,88,75,4.7,broken clouds
85,Bethel,US,2020-11-08 00:37:29,41.37,-73.41,59.0,76,1,3.36,clear sky
86,East London,ZA,2020-11-08 00:37:38,-33.02,27.91,69.91,81,0,17.45,clear sky
87,Ayan,RU,2020-11-08 00:39:06,56.45,138.17,11.19,86,99,18.32,overcast clouds
88,Aleksandrovsk,RU,2020-11-08 00:39:07,59.16,57.56,32.0,99,99,4.27,overcast clouds
89,Surt,LY,2020-11-08 00:37:31,31.21,16.59,67.89,70,9,7.78,light rain
90,Nakapiripirit,UG,2020-11-08 00:39:07,1.92,34.78,66.81,79,90,3.09,light rain
91,Bengkulu,ID,2020-11-08 00:39:07,-3.8,102.27,80.91,74,99,1.88,overcast clouds
92,Atuona,PF,2020-11-08 00:37:13,-9.8,-139.03,77.47,79,16,13.4,light rain
93,Lompoc,US,2020-11-08 00:39:07,34.64,-120.46,55.4,66,75,11.41,broken clouds
94,Vao,NC,2020-11-08 00:39:07,-22.67,167.48,73.85,71,22,12.48,few clouds
95,Cabo San Lucas,MX,2020-11-08 00:35:57,22.89,-109.91,80.6,74,5,8.05,clear sky
96,Tasiilaq,GL,2020-11-08 00:37:06,65.61,-37.64,26.6,63,91,2.24,overcast clouds
97,Talara,PE,2020-11-08 00:36:03,-4.58,-81.27,64.45,86,50,14.65,scattered clouds
98,Sungairaya,ID,2020-11-08 00:39:07,0.7,108.9,84.52,67,86,3.33,overcast clouds
99,Ostrovnoy,RU,2020-11-08 00:38:18,68.05,39.51,32.99,94,20,17.85,few clouds
100,Akropong,GH,2020-11-08 00:39:07,5.97,-0.09,80.6,74,20,5.82,few clouds
101,Airai,TL,2020-11-08 00:39:07,-8.93,125.41,78.69,36,14,4.52,few clouds
102,Kaitangata,NZ,2020-11-08 00:39:08,-46.28,169.85,53.01,43,0,11.99,clear sky
103,Fort Nelson,CA,2020-11-08 00:39:08,58.81,-122.7,15.8,85,20,2.24,few clouds
104,Khorixas,NA,2020-11-08 00:39:08,-20.37,14.97,66.02,37,1,5.03,clear sky
105,Lahijan,IR,2020-11-08 00:39:08,37.21,50.0,62.6,88,90,6.93,overcast clouds
106,Sitka,US,2020-11-08 00:37:33,57.05,-135.33,39.2,69,1,2.08,clear sky
107,Tuktoyaktuk,CA,2020-11-08 00:39:08,69.45,-133.04,26.6,79,40,19.46,scattered clouds
108,Chinhoyi,ZW,2020-11-08 00:39:08,-17.37,30.2,73.65,27,0,6.15,clear sky
109,Camacha,PT,2020-11-08 00:36:29,33.08,-16.33,66.2,77,20,10.29,few clouds
110,Prince Albert,CA,2020-11-08 00:34:41,53.2,-105.77,23.0,85,90,19.46,snow
111,Barrow,US,2020-11-08 00:39:08,71.29,-156.79,30.2,86,90,21.92,light snow
112,Talnakh,RU,2020-11-08 00:39:08,69.49,88.4,19.4,85,75,20.13,light shower snow
113,Avarua,CK,2020-11-08 00:39:08,-21.21,-159.78,78.8,74,48,7.9,scattered clouds
114,Boende,CD,2020-11-08 00:39:08,-0.22,20.87,70.23,89,98,1.68,overcast clouds
115,Berlevag,NO,2020-11-08 00:39:08,70.86,29.09,39.25,74,94,32.68,overcast clouds
116,Puerto Madero,MX,2020-11-08 00:34:27,14.72,-92.42,75.2,100,90,17.22,heavy intensity rain
117,Matamoros,MX,2020-11-08 00:39:09,25.53,-103.25,82.4,20,5,7.72,clear sky
118,Cidreira,BR,2020-11-08 00:39:09,-30.18,-50.21,67.84,85,18,15.79,few clouds
119,Ginir,ET,2020-11-08 00:39:09,7.13,40.7,56.89,92,98,3.38,overcast clouds
120,Daru,PG,2020-11-08 00:39:09,-9.08,143.21,82.13,75,80,0.83,broken clouds
121,Yeppoon,AU,2020-11-08 00:39:09,-23.13,150.73,82.4,48,40,16.11,scattered clouds
122,Joshimath,IN,2020-11-08 00:39:09,30.57,79.57,47.98,30,0,7.27,clear sky
123,Pangnirtung,CA,2020-11-08 00:38:30,66.15,-65.71,4.1,85,82,3.49,broken clouds
124,Poum,NC,2020-11-08 00:39:09,-20.23,164.02,76.51,81,5,19.89,clear sky
125,Yellowknife,CA,2020-11-08 00:39:09,62.46,-114.35,6.01,84,40,3.36,light snow
126,Den Helder,NL,2020-11-08 00:39:10,52.96,4.76,48.2,93,0,6.93,mist
127,Faanui,PF,2020-11-08 00:38:27,-16.48,-151.75,79.38,75,100,11.48,overcast clouds
128,Kizukuri,JP,2020-11-08 00:39:10,40.81,140.39,57.99,87,40,4.7,scattered clouds
129,San Patricio,US,2020-11-08 00:39:10,28.02,-97.52,73.4,83,20,13.87,few clouds
130,Balkhash,KZ,2020-11-08 00:39:10,46.84,74.98,45.86,55,100,13.33,overcast clouds
131,Vila Velha,BR,2020-11-08 00:34:36,-20.33,-40.29,77.0,83,90,2.24,overcast clouds
132,Soma,TR,2020-11-08 00:39:10,39.19,27.61,57.2,76,0,3.36,clear sky
133,Kodiak,US,2020-11-08 00:36:30,57.79,-152.41,44.6,87,90,18.34,moderate rain
134,Sanming,CN,2020-11-08 00:39:10,26.25,117.62,70.0,65,58,3.85,broken clouds
135,Abu Kamal,SY,2020-11-08 00:39:10,34.45,40.92,62.51,61,96,3.65,overcast clouds
136,Salalah,OM,2020-11-08 00:39:10,17.02,54.09,73.4,56,0,3.36,clear sky
137,Presidencia Roque Saenz Pena,AR,2020-11-08 00:36:03,-26.79,-60.44,75.96,46,1,7.23,clear sky
138,Valparaiso,CL,2020-11-08 00:37:53,-33.04,-71.63,53.6,93,75,4.7,mist
139,Rocha,UY,2020-11-08 00:39:11,-34.48,-54.33,56.52,95,0,4.32,clear sky
140,Beringovskiy,RU,2020-11-08 00:39:11,63.05,179.32,28.71,94,100,11.45,overcast clouds
141,Sao Filipe,CV,2020-11-08 00:38:01,14.9,-24.5,79.29,76,90,8.68,overcast clouds
142,Iqaluit,CA,2020-11-08 00:39:11,63.75,-68.51,8.6,78,75,3.36,light snow
143,Georgetown,MY,2020-11-08 00:39:11,5.41,100.34,78.8,94,20,4.03,few clouds
144,Misratah,LY,2020-11-08 00:39:11,32.38,15.09,69.55,62,61,10.27,broken clouds
145,Panormos,GR,2020-11-08 00:39:11,35.42,24.69,64.99,70,84,1.01,light rain
146,Longyearbyen,SJ,2020-11-08 00:34:37,78.22,15.64,30.2,80,75,4.7,broken clouds
147,Davenport,US,2020-11-08 00:36:02,41.52,-90.58,63.0,55,1,8.05,clear sky
148,Tsabong,BW,2020-11-08 00:39:12,-26.02,22.4,76.87,24,0,10.31,clear sky
149,Lata,PT,2020-11-08 00:39:12,40.16,-8.33,61.0,90,86,3.0,overcast clouds
150,Sisimiut,GL,2020-11-08 00:37:25,66.94,-53.67,14.32,84,51,11.14,broken clouds
151,Hami,CN,2020-11-08 00:39:12,42.8,93.45,38.53,60,52,7.49,broken clouds
152,La Plata,AR,2020-11-08 00:38:02,-34.92,-57.95,64.99,81,0,1.99,clear sky
153,Ancud,CL,2020-11-08 00:39:12,-41.87,-73.82,55.99,62,5,12.75,clear sky
154,Mar Del Plata,AR,2020-11-08 00:39:12,-38.0,-57.56,62.01,93,0,5.82,clear sky
155,Paracuru,BR,2020-11-08 00:39:12,-3.41,-39.03,80.6,78,20,8.05,few clouds
156,Flin Flon,CA,2020-11-08 00:39:12,54.77,-101.86,17.6,85,90,10.29,light snow
157,Zapolyarnyy,RU,2020-11-08 00:39:12,69.42,30.81,33.8,86,100,27.51,overcast clouds
158,Tiruchchendur,IN,2020-11-08 00:39:13,8.48,78.12,80.62,80,99,14.88,light rain
159,Vestmannaeyjar,IS,2020-11-08 00:39:13,63.44,-20.27,44.17,68,100,17.56,overcast clouds
160,Labuhan,ID,2020-11-08 00:39:15,-6.88,112.21,82.94,71,74,7.31,broken clouds
161,Flagstaff,US,2020-11-08 00:39:15,35.2,-111.65,39.0,86,90,10.29,overcast clouds
162,Kavieng,PG,2020-11-08 00:39:15,-2.57,150.8,85.78,64,34,6.2,scattered clouds
163,Huamachuco,PE,2020-11-08 00:39:16,-7.8,-78.07,51.85,75,78,1.92,light rain
164,Provideniya,RU,2020-11-08 00:38:18,64.38,-173.3,28.27,93,0,2.84,clear sky
165,Hualmay,PE,2020-11-08 00:39:16,-11.1,-77.61,61.29,85,25,4.81,scattered clouds
166,Rongcheng,CN,2020-11-08 00:39:08,30.63,117.85,61.0,67,0,2.8,clear sky
167,Khatanga,RU,2020-11-08 00:39:16,71.97,102.5,-4.45,86,0,12.44,clear sky
168,Pimentel,PE,2020-11-08 00:39:16,-6.84,-79.93,64.4,77,0,13.87,clear sky
169,Castro,BR,2020-11-08 00:39:16,-24.79,-50.01,60.71,59,0,5.77,clear sky
170,Namatanai,PG,2020-11-08 00:37:34,-3.67,152.43,84.69,67,39,2.86,scattered clouds
171,Lasa,IT,2020-11-08 00:39:16,46.62,10.7,42.01,86,5,2.01,clear sky
172,Pevek,RU,2020-11-08 00:39:16,69.7,170.31,15.04,96,98,2.55,overcast clouds
173,Manoharpur,IN,2020-11-08 00:39:16,27.3,75.95,62.6,51,0,1.59,haze
174,Gumdag,TM,2020-11-08 00:34:39,39.21,54.59,54.07,84,100,2.53,light rain
175,Lashio,MM,2020-11-08 00:39:16,22.93,97.75,63.9,81,3,1.36,clear sky
176,Kapoeta,SS,2020-11-08 00:39:16,4.77,33.59,76.75,69,100,4.25,moderate rain
177,Nantucket,US,2020-11-08 00:38:34,41.28,-70.1,57.2,82,1,10.29,clear sky
178,Hithadhoo,MV,2020-11-08 00:39:16,-0.6,73.08,83.77,71,11,7.87,few clouds
179,Port Lincoln,AU,2020-11-08 00:37:54,-34.73,135.87,65.71,58,75,17.67,broken clouds
180,Upernavik,GL,2020-11-08 00:39:17,72.79,-56.15,1.58,78,83,7.99,broken clouds
181,Gotsu,JP,2020-11-08 00:39:17,35.0,132.22,64.4,42,20,11.41,few clouds
182,Coihaique,CL,2020-11-08 00:36:01,-45.58,-72.07,57.2,50,0,3.36,clear sky
183,Predivinsk,RU,2020-11-08 00:39:17,57.07,93.44,37.33,86,86,8.28,overcast clouds
184,Albion,US,2020-11-08 00:39:18,42.24,-84.75,59.0,62,1,3.36,clear sky
185,Canyon,US,2020-11-08 00:35:20,34.98,-101.92,63.0,59,0,5.01,clear sky
186,Yarmouth,US,2020-11-08 00:39:18,41.71,-70.23,59.0,76,1,3.36,clear sky
187,Yantal,RU,2020-11-08 00:39:18,56.85,105.25,25.61,96,100,4.72,light snow
188,Weymouth,US,2020-11-08 00:39:18,42.22,-70.94,64.4,48,87,10.29,overcast clouds
189,Dubbo,AU,2020-11-08 00:39:18,-32.25,148.62,68.0,49,4,18.34,clear sky
190,Nara,JP,2020-11-08 00:39:18,34.69,135.8,68.0,93,40,2.24,scattered clouds
191,Novo Aripuana,BR,2020-11-08 00:39:18,-5.12,-60.38,76.93,87,15,0.85,few clouds
192,Murray Bridge,AU,2020-11-08 00:39:18,-35.12,139.27,68.0,56,0,7.92,clear sky
193,Luderitz,NA,2020-11-08 00:39:18,-26.65,15.16,60.85,87,0,3.51,clear sky
194,Cherrapunji,IN,2020-11-08 00:39:18,25.3,91.7,53.96,75,0,5.68,clear sky
195,Victoria,HK,2020-11-08 00:35:24,22.29,114.16,77.0,57,98,1.99,overcast clouds
196,Puerto Ayora,EC,2020-11-08 00:39:19,-0.74,-90.35,69.01,79,4,5.01,clear sky
197,Kingaroy,AU,2020-11-08 00:39:19,-26.53,151.83,70.0,56,90,12.75,overcast clouds
198,Xining,CN,2020-11-08 00:39:19,36.62,101.77,34.14,75,70,2.42,broken clouds
199,Blythe,US,2020-11-08 00:35:56,33.61,-114.6,66.2,32,75,23.04,broken clouds
200,Svetlyy,RU,2020-11-08 00:39:19,54.67,20.13,46.4,93,75,8.95,broken clouds
201,Nouakchott,MR,2020-11-08 00:39:19,18.09,-15.98,80.6,61,1,12.75,clear sky
202,Novikovo,RU,2020-11-08 00:39:19,51.15,37.89,42.17,92,0,10.07,clear sky
203,Chokurdakh,RU,2020-11-08 00:39:19,70.63,147.92,2.05,95,100,4.43,overcast clouds
204,Teguldet,RU,2020-11-08 00:39:19,57.31,88.17,36.43,83,68,9.15,broken clouds
205,Hearst,CA,2020-11-08 00:39:19,49.68,-83.67,33.8,100,100,2.24,overcast clouds
206,Waverly,US,2020-11-08 00:39:19,42.74,-84.62,60.8,51,1,6.93,clear sky
207,Esperance,AU,2020-11-08 00:39:20,-33.87,121.9,64.4,77,3,4.7,clear sky
208,Pilar,BR,2020-11-08 00:39:20,-9.6,-35.96,77.0,88,40,9.17,scattered clouds
209,Port Hardy,CA,2020-11-08 00:38:39,50.7,-127.42,46.4,56,20,16.11,few clouds
210,Kita,ML,2020-11-08 00:39:20,13.03,-9.49,75.43,22,0,4.12,clear sky
211,Bosaso,SO,2020-11-08 00:37:51,11.28,49.18,73.83,71,2,4.92,clear sky
212,Oswego,US,2020-11-08 00:39:20,43.45,-76.15,53.01,71,1,3.47,clear sky
213,Impfondo,CG,2020-11-08 00:39:20,1.64,18.07,70.59,98,86,2.01,overcast clouds
214,Sarangani,PH,2020-11-08 00:39:20,5.4,125.46,83.23,75,68,7.83,broken clouds
215,Ketou,BJ,2020-11-08 00:39:20,7.36,2.6,75.76,88,100,3.49,overcast clouds
216,Linxia,CN,2020-11-08 00:39:20,35.6,103.21,40.8,64,93,1.45,overcast clouds
217,Pacifica,US,2020-11-08 00:36:17,37.61,-122.49,55.99,71,40,12.75,haze
218,Oussouye,SN,2020-11-08 00:39:21,12.48,-16.55,82.4,94,0,4.7,clear sky
219,Petropavlovsk-Kamchatskiy,RU,2020-11-08 00:39:21,53.05,158.65,28.4,74,7,11.18,clear sky
220,Coban,GT,2020-11-08 00:39:21,15.48,-90.37,66.2,82,40,1.41,scattered clouds
221,Kotagiri,IN,2020-11-08 00:39:21,11.43,76.88,75.2,88,20,2.24,mist
222,Vanimo,PG,2020-11-08 00:39:21,-2.67,141.3,76.75,87,100,4.99,overcast clouds
223,Bambous Virieux,MU,2020-11-08 00:39:21,-20.34,57.76,73.4,83,75,10.29,shower rain
224,Tinaquillo,VE,2020-11-08 00:39:21,9.92,-68.3,72.09,93,32,1.99,scattered clouds
225,Mujiayingzi,CN,2020-11-08 00:39:21,42.12,118.78,30.88,64,0,11.43,clear sky
226,Adrar,MR,2020-11-08 00:39:21,20.5,-10.07,82.18,20,0,8.43,clear sky
227,Waipawa,NZ,2020-11-08 00:39:21,-41.41,175.52,53.6,76,100,38.03,overcast clouds
228,Praia,CV,2020-11-08 00:39:21,14.92,-23.51,77.0,83,0,14.99,clear sky
229,Nalut,LY,2020-11-08 00:39:22,30.33,10.85,55.11,84,0,9.22,clear sky
230,Bredy,RU,2020-11-08 00:39:22,52.42,60.34,36.25,93,100,11.68,overcast clouds
231,Quatre Cocos,MU,2020-11-08 00:39:22,-20.21,57.76,73.4,83,75,10.29,shower rain
232,Talca,CL,2020-11-08 00:39:22,-35.43,-71.67,77.0,44,0,5.82,clear sky
233,Port Hedland,AU,2020-11-08 00:37:07,-20.32,118.57,89.6,35,0,10.29,clear sky
234,Coquimbo,CL,2020-11-08 00:39:22,-29.95,-71.34,55.4,87,0,9.17,clear sky
235,Nome,US,2020-11-08 00:36:53,64.5,-165.41,36.0,93,75,9.17,broken clouds
236,Kaeo,NZ,2020-11-08 00:39:23,-35.1,173.78,75.0,60,1,10.0,clear sky
237,Lodja,CD,2020-11-08 00:39:23,-3.48,23.43,67.05,94,91,0.4,overcast clouds
238,Tikhvin,RU,2020-11-08 00:39:23,59.65,33.53,46.81,85,100,10.51,overcast clouds
239,Grao Mogol,BR,2020-11-08 00:39:23,-16.56,-42.89,66.22,95,100,2.82,overcast clouds
240,Nuqui,CO,2020-11-08 00:39:23,5.71,-77.27,76.62,81,100,7.02,overcast clouds
241,Egvekinot,RU,2020-11-08 00:39:23,66.32,-179.17,21.85,98,100,5.59,light snow
242,Nioro,GM,2020-11-08 00:34:35,13.35,-15.75,80.28,50,0,5.75,clear sky
243,Turukhansk,RU,2020-11-08 00:39:23,65.82,87.98,25.07,98,100,18.12,snow
244,Maniitsoq,GL,2020-11-08 00:39:23,65.42,-52.9,20.91,85,100,10.04,overcast clouds
245,Brae,GB,2020-11-08 00:39:24,60.4,-1.35,41.0,100,69,1.63,broken clouds
246,San Cristobal,VE,2020-11-08 00:39:24,7.77,-72.22,67.59,92,94,1.1,light rain
247,Namibe,AO,2020-11-08 00:39:24,-15.2,12.15,69.03,70,100,9.1,overcast clouds
248,Huatulco,MX,2020-11-08 00:39:24,15.84,-96.33,82.4,74,20,1.77,few clouds
249,Bilibino,RU,2020-11-08 00:39:24,68.05,166.44,2.79,91,100,1.7,overcast clouds
250,Lagoa,PT,2020-11-08 00:39:24,39.05,-27.98,61.27,74,75,16.02,broken clouds
251,Rock Sound,BS,2020-11-08 00:37:10,24.9,-76.2,79.99,77,100,31.54,overcast clouds
252,Bloomfield,US,2020-11-08 00:39:24,40.81,-74.19,69.8,58,1,4.14,clear sky
253,Yumen,CN,2020-11-08 00:39:24,40.28,97.2,32.92,63,0,2.3,clear sky
254,Dera Ghazi Khan,PK,2020-11-08 00:39:24,30.06,70.63,58.84,34,0,2.06,clear sky
255,Amalapuram,IN,2020-11-08 00:39:25,16.58,82.02,73.54,86,0,4.7,clear sky
256,Laguna,US,2020-11-08 00:39:25,38.42,-121.42,61.0,40,1,8.05,clear sky
257,Karmala,IN,2020-11-08 00:39:25,18.42,75.2,67.71,63,0,6.89,clear sky
258,Padang,ID,2020-11-08 00:39:27,-0.95,100.35,78.15,81,100,4.34,overcast clouds
259,San Jose,US,2020-11-08 00:37:43,37.34,-121.89,61.0,38,40,4.7,scattered clouds
260,Bhayavadar,IN,2020-11-08 00:39:27,21.85,70.25,72.3,33,0,7.36,clear sky
261,Nouadhibou,MR,2020-11-08 00:39:28,20.93,-17.03,73.4,69,100,16.11,overcast clouds
262,La Ronge,CA,2020-11-08 00:38:35,55.1,-105.28,21.2,79,90,14.99,overcast clouds
263,Morehead,US,2020-11-08 00:39:28,37.27,-87.18,68.0,59,40,5.97,scattered clouds
264,Lavrentiya,RU,2020-11-08 00:39:28,65.58,-171.0,29.35,95,30,5.91,scattered clouds
265,Coihueco,CL,2020-11-08 00:39:28,-36.62,-71.83,69.8,56,0,5.82,clear sky
266,Sesheke,ZM,2020-11-08 00:39:28,-17.48,24.3,77.7,37,1,0.67,clear sky
267,Daliao,PH,2020-11-08 00:39:28,5.86,124.95,80.6,83,40,6.93,scattered clouds
268,Bathsheba,BB,2020-11-08 00:39:29,13.22,-59.52,80.6,83,20,19.46,few clouds
269,Zhigansk,RU,2020-11-08 00:39:29,66.77,123.37,-15.63,88,73,4.7,broken clouds
270,Sturgis,US,2020-11-08 00:39:29,41.8,-85.42,59.0,54,1,5.82,clear sky
271,Broome,US,2020-11-08 00:39:29,42.25,-75.83,62.6,42,1,5.82,clear sky
272,Verkhnyaya Pyshma,RU,2020-11-08 00:39:29,56.97,60.58,37.4,94,75,8.95,broken clouds
273,Tuy Hoa,VN,2020-11-08 00:39:29,13.08,109.3,76.21,84,94,11.21,light rain
274,Roma,US,2020-11-08 00:35:05,43.21,-75.46,57.99,76,1,1.9,clear sky
275,Zaraza,VE,2020-11-08 00:39:29,9.35,-65.32,75.63,95,34,4.68,scattered clouds
276,Antalaha,MG,2020-11-08 00:39:29,-14.9,50.28,74.14,91,100,7.54,moderate rain
277,Saint-Francois,FR,2020-11-08 00:39:29,46.42,3.91,60.8,67,0,8.05,clear sky
278,Hengyang,CN,2020-11-08 00:39:29,26.89,112.61,63.23,60,0,5.08,clear sky
279,Toms River,US,2020-11-08 00:39:26,39.95,-74.2,64.4,93,1,4.97,clear sky
280,Paamiut,GL,2020-11-08 00:39:29,61.99,-49.67,27.36,89,100,25.79,overcast clouds
281,Mokhsogollokh,RU,2020-11-08 00:39:29,61.47,128.92,-2.27,90,99,5.79,overcast clouds
282,Morwell,AU,2020-11-08 00:39:30,-38.23,146.4,64.0,57,0,5.01,clear sky
283,Tual,ID,2020-11-08 00:39:30,-5.67,132.75,82.72,71,100,13.4,overcast clouds
284,Akyab,MM,2020-11-08 00:39:30,20.15,92.9,76.24,86,0,6.62,clear sky
285,Humberto De Campos,BR,2020-11-08 00:39:30,-2.6,-43.46,79.3,81,36,7.61,scattered clouds
286,Two Rivers,US,2020-11-08 00:39:30,44.15,-87.57,60.01,87,1,3.36,clear sky
287,Praya,CV,2020-11-08 00:38:45,14.92,-23.51,77.0,83,0,14.99,clear sky
288,Dunedin,NZ,2020-11-08 00:39:30,-45.87,170.5,54.0,52,5,17.0,clear sky
289,Hirara,JP,2020-11-08 00:38:03,24.8,125.28,78.8,94,40,9.17,scattered clouds
290,Tazmalt,DZ,2020-11-08 00:39:30,36.39,4.4,66.2,48,0,8.05,clear sky
291,Manadhoo,MV,2020-11-08 00:39:30,5.77,73.38,82.96,72,70,4.7,light rain
292,Lamar,US,2020-11-08 00:39:30,33.67,-95.58,64.99,72,1,6.93,clear sky
293,Micheweni,TZ,2020-11-08 00:39:30,-4.97,39.83,78.26,83,0,6.58,clear sky
294,Tagusao,PH,2020-11-08 00:39:31,9.19,117.81,82.22,74,100,2.62,light rain
295,Moose Factory,CA,2020-11-08 00:37:56,51.26,-80.61,32.0,86,1,10.29,clear sky
296,Saint-Pierre,RE,2020-11-08 00:39:31,-21.34,55.48,69.8,77,20,6.93,few clouds
297,Arraial Do Cabo,BR,2020-11-08 00:35:28,-22.97,-42.03,72.46,77,100,8.55,overcast clouds
298,Bloemfontein,ZA,2020-11-08 00:39:31,-29.12,26.21,59.0,67,0,1.12,clear sky
299,Taoudenni,ML,2020-11-08 00:39:31,22.68,-3.98,80.11,16,43,10.45,scattered clouds
300,Vestmanna,FO,2020-11-08 00:39:31,62.16,-7.17,42.8,75,66,6.93,light rain
301,Odweyne,SO,2020-11-08 00:39:31,9.41,45.06,64.31,47,1,0.89,clear sky
302,Narsaq,GL,2020-11-08 00:39:31,60.92,-46.05,28.4,74,100,3.36,light shower snow
303,Birjand,IR,2020-11-08 00:39:31,32.87,59.22,50.0,19,0,6.93,clear sky
304,Plettenberg Bay,ZA,2020-11-08 00:39:31,-34.05,23.37,59.86,76,0,2.51,clear sky
305,Sibate,CO,2020-11-08 00:39:31,4.48,-74.25,53.6,76,40,4.7,scattered clouds
306,Mathbaria,BD,2020-11-08 00:39:31,22.29,89.96,64.08,78,0,4.18,clear sky
307,Madimba,TZ,2020-11-08 00:39:31,-10.4,40.33,77.38,85,100,6.98,overcast clouds
308,Dingle,PH,2020-11-08 00:39:31,11.0,122.67,80.51,79,12,1.72,few clouds
309,Hilo,US,2020-11-08 00:39:31,19.73,-155.09,75.2,88,90,4.7,mist
310,Ixtapa,MX,2020-11-08 00:39:32,20.7,-105.2,82.4,69,75,10.29,broken clouds
311,Saint George,US,2020-11-08 00:39:31,37.1,-113.58,57.2,22,75,27.51,broken clouds
312,Zhangye,CN,2020-11-08 00:39:32,38.93,100.45,40.55,50,0,1.9,clear sky
313,Shadrinsk,RU,2020-11-08 00:39:32,56.09,63.63,34.23,96,100,6.96,overcast clouds
314,Shingu,JP,2020-11-08 00:39:07,33.73,135.98,64.4,59,40,13.87,scattered clouds
315,Alexandria,EG,2020-11-08 00:36:56,31.22,29.96,62.6,93,40,3.36,scattered clouds
316,Ilulissat,GL,2020-11-08 00:39:32,69.22,-51.1,14.0,51,12,1.12,few clouds
317,Katangli,RU,2020-11-08 00:39:32,51.71,143.23,26.87,88,99,10.47,overcast clouds
318,Moletai,LT,2020-11-08 00:39:32,55.23,25.42,46.0,100,90,9.17,overcast clouds
319,Sycow,PL,2020-11-08 00:39:32,51.31,17.72,45.0,72,0,6.31,clear sky
320,Wangkui,CN,2020-11-08 00:39:33,46.83,126.5,27.23,93,100,17.96,overcast clouds
321,Sun Valley,US,2020-11-08 00:39:36,39.6,-119.78,41.0,55,90,17.22,overcast clouds
322,Asau,RO,2020-11-08 00:39:36,46.43,26.4,42.01,89,0,3.98,clear sky
323,Liberal,US,2020-11-08 00:39:36,37.04,-100.92,66.2,52,1,20.8,clear sky
324,Bambanglipuro,ID,2020-11-08 00:39:36,-7.95,110.28,82.26,73,74,6.08,broken clouds
325,Linjiang,CN,2020-11-08 00:39:36,41.81,126.91,31.96,78,0,10.83,clear sky
326,Kohlu,PK,2020-11-08 00:37:10,29.9,69.25,48.83,48,0,1.86,clear sky
327,Tutoia,BR,2020-11-08 00:39:36,-2.76,-42.27,81.36,77,0,14.14,clear sky
328,Djambala,CG,2020-11-08 00:39:36,-2.54,14.75,67.14,98,59,2.44,broken clouds
329,Porto Santo,PT,2020-11-08 00:39:37,33.07,-16.34,66.2,77,20,10.29,few clouds
330,Tooele,US,2020-11-08 00:39:37,40.53,-112.3,46.99,70,90,29.97,moderate rain
331,Dogondoutchi,NE,2020-11-08 00:39:37,13.64,4.03,77.11,18,97,8.05,overcast clouds
332,Anadyr,RU,2020-11-08 00:39:37,64.75,177.48,21.2,85,40,4.47,scattered clouds
333,Portobelo,PA,2020-11-08 00:39:37,9.55,-79.65,81.0,99,5,8.01,clear sky
334,Severo-Yeniseyskiy,RU,2020-11-08 00:39:37,60.37,93.04,34.05,93,100,13.06,overcast clouds
335,Ponta Do Sol,PT,2020-11-08 00:39:37,32.67,-17.1,64.4,72,20,2.24,few clouds
336,Demba,CD,2020-11-08 00:39:37,-5.51,22.27,67.89,99,100,0.36,overcast clouds
337,Challapata,BO,2020-11-08 00:39:37,-18.9,-66.77,51.19,52,30,13.15,scattered clouds
338,Kudahuvadhoo,MV,2020-11-08 00:39:37,2.67,72.89,84.0,69,100,7.14,overcast clouds
339,Almeirim,BR,2020-11-08 00:39:37,-1.52,-52.58,79.29,80,30,4.63,scattered clouds
340,Yamada,JP,2020-11-08 00:39:37,39.47,141.95,60.26,55,0,8.19,clear sky
341,Norman Wells,CA,2020-11-08 00:39:37,65.28,-126.83,28.4,100,75,3.36,broken clouds
342,Luanda,AO,2020-11-08 00:39:37,-8.84,13.23,78.8,83,40,8.05,scattered clouds
343,Mount Gambier,AU,2020-11-08 00:39:38,-37.83,140.77,60.8,51,0,9.17,clear sky
344,Gayeri,BF,2020-11-08 00:39:38,12.65,0.49,76.69,19,47,9.6,scattered clouds
345,Flinders,AU,2020-11-08 00:39:38,-34.58,150.86,64.99,48,75,9.17,broken clouds
346,Agirish,RU,2020-11-08 00:39:38,61.92,63.02,27.82,97,4,5.28,clear sky
347,Ketchikan,US,2020-11-08 00:39:38,55.34,-131.65,41.0,80,1,18.34,clear sky
348,Atar,MR,2020-11-08 00:39:38,20.52,-13.05,83.48,19,32,10.09,scattered clouds
349,Ust-Tsilma,RU,2020-11-08 00:39:38,65.44,52.15,31.64,98,100,3.36,overcast clouds
350,Te Anau,NZ,2020-11-08 00:39:38,-45.42,167.72,53.62,42,2,7.58,clear sky
351,Kitui,KE,2020-11-08 00:39:38,-1.37,38.01,63.72,89,4,4.59,clear sky
352,Inuvik,CA,2020-11-08 00:39:38,68.35,-133.72,28.4,68,0,3.36,clear sky
353,Amarkantak,IN,2020-11-08 00:39:39,22.67,81.75,51.1,53,0,3.78,clear sky
354,Huangcun,CN,2020-11-08 00:39:39,30.01,118.4,61.0,67,0,3.56,clear sky
355,Apastovo,RU,2020-11-08 00:39:39,55.2,48.51,35.6,91,75,11.18,light rain
356,Marzuq,YE,2020-11-08 00:37:51,14.4,46.47,62.01,60,1,2.8,clear sky
357,Kenai,US,2020-11-08 00:39:01,60.55,-151.26,26.01,85,90,14.99,snow
358,Touros,BR,2020-11-08 00:37:42,-5.2,-35.46,80.6,78,40,12.75,scattered clouds
359,Kahului,US,2020-11-08 00:37:26,20.89,-156.47,89.6,52,40,24.16,scattered clouds
360,Levittown,US,2020-11-08 00:36:05,40.16,-74.83,64.4,42,1,4.7,clear sky
361,Blagoyevo,RU,2020-11-08 00:39:39,63.37,47.92,36.45,95,100,10.31,overcast clouds
362,Cherskiy,RU,2020-11-08 00:39:39,68.75,161.3,5.4,94,99,6.82,overcast clouds
363,Saldanha,ZA,2020-11-08 00:39:39,-33.01,17.94,60.8,87,68,12.75,light rain
364,Muriwai Beach,NZ,2020-11-08 00:39:39,-36.82,174.45,70.0,73,1,10.0,clear sky
365,General Jose Eduvigis Diaz,PY,2020-11-08 00:39:39,-27.17,-58.42,80.01,41,0,9.17,clear sky
366,Ypsonas,CY,2020-11-08 00:39:39,34.69,32.96,71.6,56,20,18.34,few clouds
367,Poya,NC,2020-11-08 00:39:40,-21.35,165.15,78.28,64,83,10.56,broken clouds
368,Deputatskiy,RU,2020-11-08 00:39:40,69.3,139.9,-3.19,93,100,3.29,overcast clouds
369,Umm Lajj,SA,2020-11-08 00:39:40,25.02,37.27,72.09,62,93,7.14,overcast clouds
370,Castelbuono,IT,2020-11-08 00:39:40,37.93,14.09,61.0,82,0,1.99,clear sky
371,Bandraboua,YT,2020-11-08 00:39:40,-12.7,45.12,77.0,88,0,3.36,clear sky
372,Gazanjyk,TM,2020-11-08 00:39:40,39.24,55.52,52.32,86,100,6.2,moderate rain
373,Ndola,ZM,2020-11-08 00:39:40,-12.96,28.64,63.46,32,73,4.32,broken clouds
374,Lavumisa,SZ,2020-11-08 00:39:41,-27.31,31.89,74.34,86,0,3.31,clear sky
375,Cayenne,GF,2020-11-08 00:39:11,4.93,-52.33,78.8,94,0,4.7,clear sky
376,Mildura,AU,2020-11-08 00:39:41,-34.2,142.15,72.0,37,0,5.82,clear sky
377,Nortelandia,BR,2020-11-08 00:39:41,-14.45,-56.8,81.81,54,100,5.23,overcast clouds
378,Imbituba,BR,2020-11-08 00:39:41,-28.24,-48.67,71.6,78,75,4.7,light rain
379,Rio Gallegos,AR,2020-11-08 00:37:57,-51.62,-69.22,64.4,34,40,23.04,scattered clouds
380,Carutapera,BR,2020-11-08 00:39:41,-1.2,-46.02,79.86,81,95,8.14,overcast clouds
381,Zuwarah,LY,2020-11-08 00:38:08,32.93,12.08,67.84,70,32,4.03,scattered clouds
382,Sibiti,CG,2020-11-08 00:39:42,-3.68,13.35,69.75,100,98,2.8,light rain
383,Port Blair,IN,2020-11-08 00:38:55,11.67,92.75,82.58,78,2,9.51,clear sky
384,Concordia,AR,2020-11-08 00:39:00,-31.39,-58.02,66.31,78,0,9.33,clear sky
385,Kalcheva,UA,2020-11-08 00:39:42,45.74,28.81,44.46,90,0,2.86,clear sky
386,Matara,LK,2020-11-08 00:39:43,5.95,80.54,77.22,85,51,4.09,broken clouds
387,Buala,SB,2020-11-08 00:39:43,-8.14,159.59,85.24,71,84,6.29,light rain
388,Aksu,CN,2020-11-08 00:39:43,41.12,80.26,34.56,72,0,1.45,clear sky
389,Baykit,RU,2020-11-08 00:39:43,61.67,96.37,24.6,96,100,2.75,overcast clouds
390,Morant Bay,JM,2020-11-08 00:39:43,17.88,-76.41,78.8,83,75,16.11,broken clouds
391,Korla,CN,2020-11-08 00:39:43,41.76,86.15,33.24,76,0,3.13,clear sky
392,Priboj,BA,2020-11-08 00:39:43,44.6,18.93,41.0,77,75,1.52,fog
393,Cockburn Town,TC,2020-11-08 00:39:43,21.46,-71.14,79.38,81,100,22.41,light rain
394,Chimbote,PE,2020-11-08 00:39:43,-9.09,-78.58,62.28,82,75,8.03,broken clouds
395,Okhotsk,RU,2020-11-08 00:39:43,59.38,143.3,12.04,89,56,15.88,broken clouds
396,Kirksville,US,2020-11-08 00:37:47,40.19,-92.58,62.01,66,1,9.17,clear sky
397,Mokrousovo,RU,2020-11-08 00:39:44,55.81,66.77,37.69,98,100,2.86,light rain
398,Beira,MZ,2020-11-08 00:39:44,-19.84,34.84,75.2,88,0,3.36,clear sky
399,Kurayoshi,JP,2020-11-08 00:36:28,35.43,133.82,62.6,87,75,4.7,broken clouds
400,Beruwala,LK,2020-11-08 00:39:44,6.48,79.98,78.22,86,0,2.73,clear sky
401,Baker City,US,2020-11-08 00:39:44,44.77,-117.83,39.2,64,90,20.8,overcast clouds
402,Mahebourg,MU,2020-11-08 00:37:15,-20.41,57.7,73.4,83,75,10.29,shower rain
403,La Asuncion,VE,2020-11-08 00:39:44,11.03,-63.86,82.4,83,2,16.11,clear sky
404,Broken Hill,AU,2020-11-08 00:35:35,-31.95,141.43,71.6,26,0,12.75,clear sky
405,Geraldton,AU,2020-11-08 00:39:44,-28.77,114.6,71.6,68,90,11.41,overcast clouds
406,Moron,AR,2020-11-08 00:39:46,-34.65,-58.62,70.0,66,0,5.99,clear sky
407,Grants Pass,US,2020-11-08 00:39:46,42.44,-123.33,48.2,70,90,2.68,overcast clouds
408,Bardiyah,LY,2020-11-08 00:39:46,31.76,25.09,67.75,78,25,19.48,light rain
409,Olafsvik,IS,2020-11-08 00:39:46,64.89,-23.71,39.87,72,4,25.43,clear sky
410,Yichun,CN,2020-11-08 00:39:46,47.7,128.9,25.75,93,100,7.38,overcast clouds
411,Hofn,IS,2020-11-08 00:39:46,64.25,-15.21,44.35,87,100,21.65,overcast clouds
412,Beloha,MG,2020-11-08 00:39:47,-25.17,45.05,69.28,82,0,3.13,clear sky
413,Freeport,US,2020-11-08 00:39:47,40.66,-73.58,63.0,72,1,4.7,clear sky
414,Auki,SB,2020-11-08 00:39:47,-8.77,160.7,87.66,62,19,4.16,few clouds
415,Pyaozerskiy,RU,2020-11-08 00:39:47,65.83,31.17,34.59,82,0,19.13,clear sky
416,Caucaia,BR,2020-11-08 00:39:47,-3.74,-38.65,80.6,78,20,8.05,few clouds
417,Wagga Wagga,AU,2020-11-08 00:39:47,-35.12,147.37,66.99,45,0,13.87,clear sky
418,Ravar,IR,2020-11-08 00:39:47,31.27,56.81,57.38,31,100,8.63,overcast clouds
419,Solnechnyy,RU,2020-11-08 00:39:47,50.72,136.63,21.67,85,92,6.64,overcast clouds
420,Zanesville,US,2020-11-08 00:39:07,39.94,-82.01,59.0,51,1,2.26,clear sky
421,Libreville,GA,2020-11-08 00:39:47,0.39,9.45,75.2,94,75,4.7,light rain
422,Arman,RU,2020-11-08 00:39:47,59.7,150.17,11.23,86,100,16.49,overcast clouds
423,Porto Novo,BJ,2020-11-08 00:39:47,6.5,2.6,80.6,88,20,8.05,light rain
424,Atikokan,CA,2020-11-08 00:39:48,48.76,-91.62,52.83,94,100,5.14,overcast clouds
425,Villa Guerrero,MX,2020-11-08 00:39:49,18.87,-99.65,78.8,41,20,2.24,few clouds
426,Grindavik,IS,2020-11-08 00:37:41,63.84,-22.43,39.2,65,40,18.34,scattered clouds
427,Sao Felix Do Xingu,BR,2020-11-08 00:39:50,-6.64,-51.99,73.17,91,94,2.91,light rain
428,Xuddur,SO,2020-11-08 00:39:50,4.12,43.89,73.18,83,100,9.48,light rain
429,Mamlyutka,KZ,2020-11-08 00:39:50,54.94,68.54,41.07,90,100,11.83,light rain
430,Tautira,PF,2020-11-08 00:37:59,-17.73,-149.15,84.2,66,75,11.41,broken clouds
431,Isangel,VU,2020-11-08 00:37:15,-19.55,169.27,84.2,79,75,5.82,broken clouds
432,Pouembout,NC,2020-11-08 00:39:50,-21.13,164.9,81.27,57,40,10.87,scattered clouds
433,Olinda,BR,2020-11-08 00:39:51,-8.01,-34.86,80.6,78,75,12.75,broken clouds
434,Missoula,US,2020-11-08 00:39:51,47.02,-113.8,44.01,86,90,12.75,overcast clouds
435,Svetlaya,RU,2020-11-08 00:39:51,46.54,138.33,36.95,71,67,5.53,broken clouds
436,Rancho Palos Verdes,US,2020-11-08 00:39:51,33.74,-118.39,59.0,54,40,14.99,scattered clouds
437,Doctor Juan Manuel Frutos,PY,2020-11-08 00:39:51,-25.37,-55.8,75.56,45,0,1.83,clear sky
438,Coahuayana,MX,2020-11-08 00:39:52,18.73,-103.68,80.6,69,40,10.29,scattered clouds
439,Ugoofaaru,MV,2020-11-08 00:39:52,5.67,73.0,80.46,78,10,0.87,light rain
440,Belyy Yar,RU,2020-11-08 00:38:26,53.6,91.39,26.6,100,20,2.24,mist
441,Gamba,GA,2020-11-08 00:39:52,-2.65,10.0,76.6,90,100,6.26,overcast clouds
442,Little Current,CA,2020-11-08 00:39:52,45.98,-81.92,57.0,87,99,3.36,overcast clouds
443,Ozinki,RU,2020-11-08 00:39:52,51.18,49.68,35.2,89,10,11.7,clear sky
444,Sumbe,AO,2020-11-08 00:39:52,-11.21,13.84,75.49,82,100,2.08,light rain
445,Alofi,NU,2020-11-08 00:39:53,-19.06,-169.92,80.6,69,26,12.75,light rain
446,San Marcos,US,2020-11-08 00:36:23,33.14,-117.17,57.99,76,75,21.92,heavy intensity rain
447,Abha,SA,2020-11-08 00:39:54,18.22,42.51,57.2,62,0,0.85,clear sky
448,Teguise,ES,2020-11-08 00:39:55,29.06,-13.56,64.4,68,20,3.36,few clouds
449,Senno,RU,2020-11-08 00:38:42,59.53,33.92,45.9,87,100,11.56,overcast clouds
450,Nemuro,JP,2020-11-08 00:39:55,43.32,145.57,50.0,87,20,4.7,few clouds
451,Price,US,2020-11-08 00:39:56,39.6,-110.81,59.0,24,75,21.92,broken clouds
452,Soyo,AO,2020-11-08 00:37:42,-6.13,12.37,77.36,86,96,4.29,overcast clouds
453,Chapais,CA,2020-11-08 00:39:56,49.78,-74.85,30.2,80,75,5.82,broken clouds
454,Kalabo,ZM,2020-11-08 00:39:56,-14.97,22.68,74.25,52,61,4.0,broken clouds
455,Kiunga,PG,2020-11-08 00:38:46,-6.12,141.29,87.26,57,100,2.77,overcast clouds
456,Tessalit,ML,2020-11-08 00:36:29,20.2,1.01,71.56,23,48,10.83,scattered clouds
457,Nurota,UZ,2020-11-08 00:39:56,40.56,65.69,48.2,29,100,4.7,smoke
458,Saint-Prosper,CA,2020-11-08 00:39:56,46.21,-70.48,51.8,81,100,1.01,overcast clouds
459,Sambava,MG,2020-11-08 00:39:56,-14.27,50.17,75.4,86,100,7.67,light rain
460,Alta Floresta,BR,2020-11-08 00:39:56,-9.88,-56.09,75.51,77,65,3.0,light rain
461,Mpanda,TZ,2020-11-08 00:39:57,-6.37,31.04,71.62,67,46,3.06,scattered clouds
462,Torbay,CA,2020-11-08 00:37:39,47.67,-52.73,39.0,80,20,16.11,few clouds
463,Agbor,NG,2020-11-08 00:39:57,6.25,6.19,73.22,96,100,3.09,overcast clouds
464,Pulgaon,IN,2020-11-08 00:39:58,20.73,78.33,59.76,49,0,3.0,clear sky
465,Nerja,ES,2020-11-08 00:39:58,36.76,-3.89,61.0,75,36,3.0,scattered clouds
466,Mindelo,CV,2020-11-08 00:39:58,16.89,-24.98,77.0,73,75,17.22,broken clouds
467,Jieshi,CN,2020-11-08 00:39:58,22.81,115.83,77.0,59,98,1.01,overcast clouds
468,Zhanaozen,KZ,2020-11-08 00:39:58,43.3,52.8,44.82,75,81,11.97,broken clouds
469,San Vicente,AR,2020-11-08 00:36:36,-26.62,-54.13,70.57,44,0,1.61,clear sky
470,North Bend,US,2020-11-08 00:37:01,43.41,-124.22,50.0,81,90,13.87,overcast clouds
471,Santa Rosa,PH,2020-11-08 00:39:59,14.31,121.11,81.0,83,75,9.17,broken clouds
472,Portland,US,2020-11-08 00:38:58,45.52,-122.68,45.0,75,75,17.22,broken clouds
473,Veraval,IN,2020-11-08 00:39:59,20.9,70.37,76.98,40,0,9.86,clear sky
474,Srednekolymsk,RU,2020-11-08 00:39:59,67.45,153.68,-3.39,92,84,8.61,broken clouds
475,Meulaboh,ID,2020-11-08 00:39:59,4.14,96.13,78.98,79,68,2.98,broken clouds
476,Louis Trichardt,ZA,2020-11-08 00:39:59,-23.04,29.9,76.8,40,0,3.76,clear sky
477,Kalavad,IN,2020-11-08 00:39:59,22.22,70.38,66.2,72,0,4.7,haze
478,Sogne,NO,2020-11-08 00:39:59,58.08,7.82,46.4,75,0,5.82,clear sky
479,Los Llanos De Aridane,ES,2020-11-08 00:40:00,28.66,-17.92,66.2,68,0,8.05,clear sky
480,Rocafuerte,EC,2020-11-08 00:40:00,-0.92,-80.43,73.4,83,90,11.41,overcast clouds
481,Elko,US,2020-11-08 00:40:00,41.0,-115.5,34.0,89,90,6.93,overcast clouds
482,Maralal,KE,2020-11-08 00:40:00,1.1,36.7,58.87,92,31,5.99,scattered clouds
483,Iquitos,PE,2020-11-08 00:40:00,-3.75,-73.25,78.8,83,75,4.7,thunderstorm
484,Domoni,KM,2020-11-08 00:40:00,-12.26,44.53,78.62,76,100,5.59,overcast clouds
485,Whitehorse,CA,2020-11-08 00:40:00,60.72,-135.05,6.8,84,75,10.29,broken clouds
486,Alice Springs,AU,2020-11-08 00:38:17,-23.7,133.88,80.6,11,74,11.41,broken clouds
487,Tezu,IN,2020-11-08 00:40:00,27.92,96.17,66.78,45,0,3.62,clear sky
488,Katobu,ID,2020-11-08 00:40:00,-4.94,122.53,90.0,50,4,1.3,clear sky
489,Maceio,BR,2020-11-08 00:40:01,-9.67,-35.74,77.0,88,40,9.17,scattered clouds
490,Solginskiy,RU,2020-11-08 00:40:01,61.05,41.34,42.82,71,99,15.95,overcast clouds
491,Caravelas,BR,2020-11-08 00:40:01,-17.71,-39.25,74.46,94,100,4.16,overcast clouds
492,Puerto Del Rosario,ES,2020-11-08 00:40:01,28.5,-13.86,66.2,77,0,5.82,clear sky
493,Viedma,AR,2020-11-08 00:38:17,-40.81,-63.0,57.0,77,100,1.99,overcast clouds
494,Faya,SA,2020-11-08 00:40:01,18.39,42.45,57.2,62,0,0.98,clear sky
495,Bafoulabe,ML,2020-11-08 00:40:01,13.81,-10.83,81.68,18,16,5.26,few clouds
496,Les Cayes,HT,2020-11-08 00:40:01,18.2,-73.75,78.48,84,100,7.87,overcast clouds
497,Port-Gentil,GA,2020-11-08 00:40:02,-0.72,8.78,78.96,86,100,11.92,overcast clouds
498,San Quintin,MX,2020-11-08 00:40:02,30.48,-115.95,62.19,60,0,17.92,clear sky
499,Mackay,AU,2020-11-08 00:36:30,-21.15,149.2,77.0,73,75,19.46,broken clouds
500,Vostok,RU,2020-11-08 00:40:02,46.49,135.88,28.76,94,88,0.78,overcast clouds
501,Omsukchan,RU,2020-11-08 00:40:02,62.53,155.8,-0.45,88,100,6.08,overcast clouds
502,Bafq,IR,2020-11-08 00:40:02,31.61,55.41,59.2,28,86,10.07,overcast clouds
503,Ransang,PH,2020-11-08 00:40:02,8.96,117.58,83.08,71,100,2.75,overcast clouds
504,Nuuk,GL,2020-11-08 00:40:02,64.18,-51.72,21.2,79,100,12.75,overcast clouds
505,Bara,NG,2020-11-08 00:40:02,10.37,10.73,72.75,25,0,7.11,clear sky
506,Brynmawr,GB,2020-11-08 00:40:02,51.8,-3.18,52.0,90,97,1.01,overcast clouds
507,Tahoua,NE,2020-11-08 00:40:03,14.89,5.27,73.4,25,0,4.7,clear sky
508,Porto Seguro,BR,2020-11-08 00:37:31,-16.45,-39.06,77.0,88,75,9.17,broken clouds
509,Souillac,MU,2020-11-08 00:40:03,-20.52,57.52,73.4,83,75,10.29,shower rain
510,Genc,TR,2020-11-08 00:40:03,38.75,40.56,43.81,62,0,5.88,clear sky
511,Soni,TZ,2020-11-08 00:40:03,-4.85,38.37,60.91,97,68,0.81,broken clouds
512,Vung Tau,VN,2020-11-08 00:39:12,10.35,107.08,77.97,77,82,10.2,broken clouds
513,Cascais,PT,2020-11-08 00:40:03,38.7,-9.42,62.01,100,100,13.56,overcast clouds
514,Darhan,MN,2020-11-08 00:40:03,49.49,105.92,24.96,86,0,3.74,clear sky
515,Shakiso,ET,2020-11-08 00:40:03,5.75,38.92,59.36,95,100,1.95,overcast clouds
516,Dabakala,CI,2020-11-08 00:40:03,8.37,-4.43,74.43,83,42,4.32,scattered clouds
517,Amahai,ID,2020-11-08 00:40:04,-3.33,128.92,84.02,61,85,3.78,overcast clouds
518,Itamaraca,BR,2020-11-08 00:40:04,-7.75,-34.83,80.6,78,75,12.75,broken clouds
519,Axim,GH,2020-11-08 00:40:04,4.87,-2.24,78.35,88,100,7.56,overcast clouds
520,Fare,PF,2020-11-08 00:40:04,-16.7,-151.02,80.2,73,100,11.1,overcast clouds
521,Pangkalanbuun,ID,2020-11-08 00:40:04,-2.68,111.62,83.8,73,100,1.81,overcast clouds
522,Fonte Boa,BR,2020-11-08 00:40:04,-2.5,-66.27,73.9,96,100,2.21,overcast clouds
523,Montes Altos,BR,2020-11-08 00:40:04,-5.83,-47.07,76.24,81,12,4.72,light rain
524,Pemberton,CA,2020-11-08 00:40:04,50.32,-122.8,33.8,37,20,6.93,few clouds
525,Husavik,IS,2020-11-08 00:40:04,66.04,-17.34,44.6,45,75,16.11,broken clouds
526,Margate,GB,2020-11-08 00:40:04,51.38,1.39,54.0,91,14,1.99,few clouds
527,Siniscola,IT,2020-11-08 00:40:05,40.57,9.69,51.8,93,100,1.12,overcast clouds
528,Conde,BR,2020-11-08 00:40:06,-7.26,-34.91,78.8,88,40,11.41,scattered clouds
529,Ngunguru,NZ,2020-11-08 00:38:45,-35.62,174.5,75.0,60,88,10.0,overcast clouds
530,Mayumba,GA,2020-11-08 00:40:06,-3.43,10.66,77.52,89,100,7.67,light rain
531,Senneterre,CA,2020-11-08 00:40:06,48.38,-77.23,39.2,100,90,2.24,mist
532,Puerto Leguizamo,CO,2020-11-08 00:40:06,-0.19,-74.78,78.51,78,100,1.34,overcast clouds
533,Erenhot,CN,2020-11-08 00:37:24,43.65,111.98,29.39,77,0,5.79,clear sky
534,Bozoum,CF,2020-11-08 00:40:07,6.32,16.38,68.45,64,100,2.84,overcast clouds
535,Teahupoo,PF,2020-11-08 00:40:07,-17.83,-149.27,84.2,66,75,11.41,broken clouds
536,Nizhniy Baskunchak,RU,2020-11-08 00:40:07,48.22,46.83,39.92,76,0,13.24,clear sky
537,Sobolevo,RU,2020-11-08 00:40:07,54.43,31.9,49.14,90,100,12.88,overcast clouds
538,Usman,RU,2020-11-08 00:40:07,52.05,39.73,39.2,93,0,6.71,clear sky
539,Yarada,IN,2020-11-08 00:39:08,17.65,83.27,73.4,94,20,2.24,mist
540,Ryotsu,JP,2020-11-08 00:40:07,38.08,138.43,62.6,51,75,10.29,broken clouds
541,Saveh,IR,2020-11-08 00:40:07,35.02,50.36,55.78,58,100,4.59,overcast clouds
542,Tuatapere,NZ,2020-11-08 00:40:07,-46.13,167.68,54.0,51,3,10.0,clear sky
543,Salinopolis,BR,2020-11-08 00:40:08,-0.61,-47.36,81.57,79,56,14.41,broken clouds
544,Acapulco,MX,2020-11-08 00:37:45,16.86,-99.89,84.2,74,20,9.17,few clouds
545,Manokwari,ID,2020-11-08 00:40:08,-0.87,134.08,84.38,71,100,5.39,overcast clouds
546,Dillon,US,2020-11-08 00:40:08,34.42,-79.37,66.0,93,1,6.53,clear sky
547,Dafeng,CN,2020-11-08 00:40:08,23.45,108.59,70.3,54,0,8.43,clear sky
548,Laval,CA,2020-11-08 00:39:13,45.57,-73.69,64.4,67,40,12.75,scattered clouds
549,Fez,MA,2020-11-08 00:40:08,34.04,-5.0,53.6,87,0,2.24,clear sky
550,Mashhad,IR,2020-11-08 00:40:08,36.3,59.61,51.8,43,0,3.22,clear sky
551,Genhe,CN,2020-11-08 00:40:08,50.78,121.52,10.47,90,0,2.73,clear sky
552,Tromso,NO,2020-11-08 00:36:53,69.65,18.96,35.6,80,90,43.62,overcast clouds
553,Telford,GB,2020-11-08 00:40:08,52.68,-2.45,48.2,93,100,9.17,mist
554,Dengzhou,CN,2020-11-08 00:40:09,37.81,120.75,48.88,49,0,16.42,clear sky
555,Toamasina,MG,2020-11-08 00:40:09,-18.17,49.38,69.8,94,75,3.36,broken clouds
556,Maan,PH,2020-11-08 00:40:09,5.93,124.74,80.6,83,40,6.93,scattered clouds
557,Maine-Soroa,NE,2020-11-08 00:40:09,13.21,12.02,71.38,31,2,9.91,clear sky
558,Wanning,CN,2020-11-08 00:40:09,18.8,110.4,75.87,76,6,14.92,clear sky
559,Perpignan,FR,2020-11-08 00:40:09,42.75,2.75,59.0,82,0,3.36,clear sky
560,Bethanien,NA,2020-11-08 00:40:09,-26.5,17.16,54.77,75,0,2.17,clear sky
561,Vila Franca Do Campo,PT,2020-11-08 00:37:47,37.72,-25.43,57.2,76,20,5.82,few clouds
562,Shwebo,MM,2020-11-08 00:40:09,22.57,95.7,70.07,85,0,5.59,clear sky
563,Jinchang,CN,2020-11-08 00:40:09,38.5,102.17,40.75,50,0,1.52,clear sky
564,Lorengau,PG,2020-11-08 00:37:13,-2.02,147.27,84.81,62,100,6.91,overcast clouds
565,Juegang,CN,2020-11-08 00:40:10,32.32,121.19,61.0,82,0,1.01,clear sky
566,Xichang,CN,2020-11-08 00:40:10,27.9,102.26,56.17,67,97,2.44,overcast clouds
567,Sao Domingos,BR,2020-11-08 00:40:10,-13.4,-46.32,73.69,73,99,6.22,overcast clouds
568,Saint-Orens-De-Gameville,FR,2020-11-08 00:40:10,43.55,1.53,57.2,87,20,4.7,few clouds
569,Sadri,IN,2020-11-08 00:40:10,25.18,73.43,68.43,26,0,3.87,clear sky
570,Pokhara,NP,2020-11-08 00:40:10,28.23,83.98,59.02,57,0,3.74,clear sky
571,Atambua,ID,2020-11-08 00:40:10,-9.11,124.89,88.27,38,11,1.79,few clouds
572,Bairiki,KI,2020-11-08 00:40:10,1.33,172.98,86.0,66,40,5.82,scattered clouds
573,Bontang,ID,2020-11-08 00:39:14,0.13,117.5,79.61,83,100,3.87,light rain
574,Erzin,TR,2020-11-08 00:40:10,36.96,36.2,61.0,53,0,11.01,clear sky
575,Shumikha,RU,2020-11-08 00:40:10,55.23,63.3,35.76,97,100,10.31,light rain
576,Mizan Teferi,ET,2020-11-08 00:40:10,6.98,35.58,61.63,90,38,2.04,scattered clouds
577,Cartagena,CO,2020-11-08 00:39:24,10.4,-75.51,82.4,83,20,5.82,few clouds
578,Opuwo,NA,2020-11-08 00:40:11,-18.06,13.84,66.09,29,98,5.32,overcast clouds
579,Bacolod,PH,2020-11-08 00:40:11,10.67,122.95,79.83,76,53,0.11,broken clouds
580,Iquique,CL,2020-11-08 00:40:11,-20.22,-70.14,64.4,63,0,4.7,clear sky
581,Quixeramobim,BR,2020-11-08 00:40:11,-5.2,-39.29,79.29,62,0,9.86,clear sky
582,Nishihara,JP,2020-11-08 00:40:11,26.18,127.76,80.6,83,75,6.93,broken clouds
583,Strelka,RU,2020-11-08 00:40:11,58.07,93.03,36.09,90,93,5.57,overcast clouds
584,Emba,KZ,2020-11-08 00:39:02,48.83,58.14,38.05,77,100,18.03,overcast clouds
585,Koraput,IN,2020-11-08 00:40:11,18.82,82.72,57.51,71,0,3.27,clear sky
586,Lufilufi,WS,2020-11-08 00:40:11,-13.87,-171.6,78.8,94,75,3.36,broken clouds
587,Nong Khai,TH,2020-11-08 00:40:11,17.92,103.08,71.6,100,20,2.24,mist
588,Jiuquan,CN,2020-11-08 00:38:03,39.74,98.52,36.09,58,0,2.8,clear sky
589,Ulagan,RU,2020-11-08 00:40:11,50.63,87.96,27.57,88,0,3.42,clear sky
590,Gizo,SB,2020-11-08 00:35:53,-8.1,156.84,84.92,68,78,2.04,broken clouds
591,Arona,ES,2020-11-08 00:40:11,28.1,-16.68,69.01,63,20,6.93,few clouds
592,Todos Santos,MX,2020-11-08 00:40:12,23.45,-110.22,80.01,76,37,1.99,scattered clouds
593,Bitung,ID,2020-11-08 00:40:12,1.45,125.18,80.6,88,40,2.24,scattered clouds
594,Mancio Lima,BR,2020-11-08 00:40:12,-7.61,-72.9,78.13,71,53,2.39,broken clouds
595,Puerto Colombia,CO,2020-11-08 00:40:12,10.99,-74.95,78.8,88,20,3.36,few clouds
596,Tignere,CM,2020-11-08 00:38:25,7.37,12.65,66.04,50,34,1.21,scattered clouds
597,Mogadishu,SO,2020-11-08 00:38:07,2.04,45.34,79.0,81,99,5.14,moderate rain
598,Singaraja,ID,2020-11-08 00:40:12,-8.11,115.09,86.41,57,2,0.87,clear sky
599,Bandarbeyla,SO,2020-11-08 00:38:38,9.49,50.81,74.19,86,39,11.32,scattered clouds
600,Anloga,GH,2020-11-08 00:38:20,5.79,0.9,77.0,78,40,9.17,thunderstorm
601,Taltal,CL,2020-11-08 00:40:12,-25.4,-70.48,59.34,75,52,3.96,broken clouds
602,Oriximina,BR,2020-11-08 00:40:15,-1.77,-55.87,79.79,79,0,5.64,clear sky
603,Prata,BR,2020-11-08 00:40:15,-19.31,-48.92,78.31,48,31,3.24,scattered clouds
604,Puerto Baquerizo Moreno,EC,2020-11-08 00:40:16,-0.9,-89.6,66.51,80,0,12.41,clear sky
605,Maldonado,UY,2020-11-08 00:40:16,-34.67,-54.92,63.0,88,0,5.82,clear sky
606,Stabat,ID,2020-11-08 00:40:16,3.76,98.45,79.9,80,62,1.48,broken clouds
607,Batagay-Alyta,RU,2020-11-08 00:40:16,67.8,130.41,-12.46,80,0,1.1,clear sky
608,Arawa,PG,2020-11-08 00:40:16,-6.21,155.54,86.76,64,100,3.44,light rain
609,Leningradskiy,RU,2020-11-08 00:40:16,69.38,178.42,18.81,95,100,9.04,overcast clouds
610,Gurlan,UZ,2020-11-08 00:40:16,41.84,60.39,50.0,76,100,11.41,overcast clouds
611,Alihe,CN,2020-11-08 00:40:16,50.57,123.72,17.83,82,61,9.51,broken clouds
612,Toora-Khem,RU,2020-11-08 00:40:16,52.47,96.11,24.48,96,0,2.08,clear sky
613,Baracoa,CU,2020-11-08 00:40:17,20.35,-74.5,74.03,91,100,4.41,overcast clouds
614,Santa Maria,BR,2020-11-08 00:40:17,-29.68,-53.81,67.59,78,0,12.33,clear sky
615,Omaruru,NA,2020-11-08 00:40:17,-21.43,15.93,62.6,37,11,2.01,few clouds
616,Zaysan,KZ,2020-11-08 00:40:17,47.47,84.87,37.26,69,0,2.3,clear sky
617,Tsogni,GA,2020-11-08 00:40:17,-2.79,10.1,75.74,93,99,6.08,light rain
618,Muisne,EC,2020-11-08 00:40:17,0.6,-80.03,75.24,84,100,8.14,overcast clouds
619,Hambantota,LK,2020-11-08 00:40:17,6.12,81.12,75.2,100,20,2.24,light intensity shower rain
620,Dali,CN,2020-11-08 00:40:17,25.7,100.18,54.25,66,2,2.51,clear sky
621,Macaubas,BR,2020-11-08 00:40:17,-13.02,-42.7,68.81,85,51,3.44,broken clouds
622,Qandala,SO,2020-11-08 00:40:17,11.47,49.87,77.41,65,0,5.03,clear sky
623,Hohhot,CN,2020-11-08 00:38:11,40.81,111.65,19.4,62,0,4.47,clear sky
624,Xinye,CN,2020-11-08 00:40:17,32.52,112.35,61.41,32,0,8.39,clear sky
625,Waddan,LY,2020-11-08 00:40:18,29.16,16.14,56.97,90,0,8.1,clear sky
626,Glenwood Springs,US,2020-11-08 00:35:32,39.55,-107.32,48.0,72,40,3.36,scattered clouds
627,Roblin,CA,2020-11-08 00:40:18,51.23,-101.36,27.81,91,100,20.54,overcast clouds
628,Turayf,SA,2020-11-08 00:40:18,31.67,38.66,57.2,76,0,13.87,clear sky
629,Tiarei,PF,2020-11-08 00:40:18,-17.53,-149.33,84.2,66,75,11.41,broken clouds
630,Udachnyy,RU,2020-11-08 00:39:18,66.42,112.4,-0.4,84,0,6.71,clear sky
631,Kirakira,SB,2020-11-08 00:37:58,-10.45,161.92,83.82,77,35,7.87,moderate rain
632,Batsfjord,NO,2020-11-08 00:39:07,70.63,29.72,37.71,78,82,30.47,broken clouds
633,Quelimane,MZ,2020-11-08 00:40:18,-17.88,36.89,75.42,77,0,6.58,clear sky
634,Kalemie,CD,2020-11-08 00:40:18,-5.95,29.19,70.21,86,65,6.96,broken clouds
635,Moses Lake,US,2020-11-08 00:40:18,47.13,-119.28,46.4,31,90,14.99,dust
636,Mago,RU,2020-11-08 00:40:18,53.25,140.18,24.31,86,100,7.99,overcast clouds
637,San Miguel,SV,2020-11-08 00:40:18,13.48,-88.18,74.12,93,100,1.25,overcast clouds
638,Imeni Poliny Osipenko,RU,2020-11-08 00:40:18,52.42,136.49,18.64,86,87,9.33,overcast clouds
639,Harrisonville,US,2020-11-08 00:36:50,38.65,-94.35,64.0,59,1,5.82,clear sky
640,Mushie,CD,2020-11-08 00:40:18,-3.02,16.9,73.71,90,100,1.5,overcast clouds
641,Gornopravdinsk,RU,2020-11-08 00:40:19,60.05,69.9,34.18,97,100,4.88,overcast clouds
642,San Rafael,AR,2020-11-08 00:40:19,-34.62,-68.33,76.26,28,0,10.18,clear sky
643,Biak,ID,2020-11-08 00:36:13,-0.91,122.88,83.1,62,100,8.08,overcast clouds
644,Chicama,PE,2020-11-08 00:40:19,-7.84,-79.15,62.11,82,42,5.32,scattered clouds
645,Hanzhong,CN,2020-11-08 00:40:19,33.07,107.03,56.28,51,78,0.85,broken clouds
646,Anzio,IT,2020-11-08 00:40:19,41.49,12.62,57.0,87,5,2.24,clear sky
647,Shizuishan,CN,2020-11-08 00:40:19,39.23,106.77,42.67,55,0,3.69,clear sky
648,Cap-Aux-Meules,CA,2020-11-08 00:40:19,47.38,-61.86,39.2,69,77,20.8,broken clouds
649,Wanlaweyn,SO,2020-11-08 00:40:19,2.62,44.89,76.55,86,100,3.44,moderate rain
650,Saint Anthony,US,2020-11-08 00:40:19,45.02,-93.22,68.0,60,75,12.75,broken clouds
651,Tonantins,BR,2020-11-08 00:40:20,-2.87,-67.8,73.58,98,94,1.74,overcast clouds
652,Half Moon Bay,US,2020-11-08 00:37:29,37.46,-122.43,55.4,71,40,12.75,haze
653,Mount Isa,AU,2020-11-08 00:38:29,-20.73,139.5,91.4,9,40,10.29,scattered clouds
654,Winslow,US,2020-11-08 00:40:20,35.02,-110.7,60.8,38,20,26.4,few clouds
655,Mitsamiouli,KM,2020-11-08 00:35:48,-11.38,43.28,80.04,73,16,11.61,few clouds
656,Havre-Saint-Pierre,CA,2020-11-08 00:35:40,50.23,-63.6,26.6,68,1,4.7,clear sky
657,Altay,CN,2020-11-08 00:40:20,47.87,88.12,34.99,77,100,3.33,overcast clouds
658,Vardo,NO,2020-11-08 00:40:20,70.37,31.11,40.14,72,45,31.7,scattered clouds
659,Aldan,RU,2020-11-08 00:40:20,58.6,125.39,-2.76,91,100,4.88,overcast clouds
660,Jemnice,CZ,2020-11-08 00:40:20,49.02,15.57,35.01,96,0,2.93,clear sky
661,Sorland,NO,2020-11-08 00:40:20,67.67,12.69,40.86,69,100,16.22,overcast clouds
662,Kalmunai,LK,2020-11-08 00:40:20,7.42,81.82,78.64,83,40,5.64,light rain
663,Kembe,CF,2020-11-08 00:40:20,4.62,21.89,69.31,94,11,1.32,few clouds
664,Omagari,JP,2020-11-08 00:40:20,39.45,140.48,53.6,87,75,2.24,light intensity shower rain
665,Tommot,RU,2020-11-08 00:40:21,58.96,126.29,2.3,90,100,8.86,overcast clouds
666,Kieta,PG,2020-11-08 00:40:21,-6.22,155.63,85.23,66,100,3.83,light rain
667,Jumla,NP,2020-11-08 00:36:28,29.27,82.18,40.51,50,0,4.18,clear sky
668,Buraydah,SA,2020-11-08 00:40:22,26.33,43.98,66.2,93,20,6.93,few clouds
669,Marawi,PH,2020-11-08 00:40:22,8.0,124.29,81.0,76,28,5.99,scattered clouds
670,Balkanabat,TM,2020-11-08 00:40:22,39.51,54.37,55.56,71,100,4.74,light rain
671,Chilca,PE,2020-11-08 00:40:22,-12.52,-76.74,64.4,77,0,9.17,clear sky
672,Sakakah,SA,2020-11-08 00:40:22,29.97,40.21,62.6,51,0,9.17,clear sky
673,Marsh Harbour,BS,2020-11-08 00:40:23,26.54,-77.06,79.43,76,100,29.17,overcast clouds
674,Erdenet,MN,2020-11-08 00:40:23,49.03,104.08,24.94,87,0,4.25,clear sky
675,Albanel,CA,2020-11-08 00:40:23,48.88,-72.45,33.8,74,100,4.7,overcast clouds
676,Tashla,RU,2020-11-08 00:40:23,51.77,52.74,33.69,92,53,9.93,broken clouds
677,Turbat,PK,2020-11-08 00:40:23,26.0,63.04,63.55,42,0,2.46,clear sky
678,Borovskoy,KZ,2020-11-08 00:40:23,53.8,64.15,38.86,94,100,6.85,overcast clouds
